<?xml version="1.0" encoding="UTF-8" standalone="yes"?>
<licenseSummary>
    <dependencies>
        <dependency>
            <groupId>antlr</groupId>
            <artifactId>antlr</artifactId>
            <version>2.7.7</version>
            <licenses>
                <license>
                    <name>The Antlr 2.7.7 License</name>
                    <url>http://www.antlr2.org/license.html</url>
                </license>
            </licenses>
        </dependency>
        <dependency>
            <groupId>ch.qos.logback</groupId>
            <artifactId>logback-classic</artifactId>
            <version>1.2.3</version>
            <licenses>
                <license>
                    <name>GNU Lesser General Public License v2.1 only</name>
                    <url>http://www.gnu.org/licenses/old-licenses/lgpl-2.1.html</url>
                </license>
                <license>
                    <name>Eclipse Public License, Version 1.0</name>
                    <url>http://repository.jboss.org/licenses/epl-1.0.txt</url>
                </license>
            </licenses>
        </dependency>
        <dependency>
            <groupId>ch.qos.logback</groupId>
            <artifactId>logback-core</artifactId>
            <version>1.2.3</version>
            <licenses>
                <license>
                    <name>GNU Lesser General Public License v2.1 only</name>
                    <url>http://www.gnu.org/licenses/old-licenses/lgpl-2.1.html</url>
                </license>
                <license>
                    <name>Eclipse Public License, Version 1.0</name>
                    <url>http://repository.jboss.org/licenses/epl-1.0.txt</url>
                </license>
            </licenses>
        </dependency>
        <dependency>
            <groupId>com.fasterxml</groupId>
            <artifactId>classmate</artifactId>
            <version>1.4.0</version>
            <licenses>
                <license>
                    <name>Apache License 2.0</name>
                    <url>http://www.apache.org/licenses/LICENSE-2.0</url>
                </license>
            </licenses>
        </dependency>
        <dependency>
            <groupId>com.fasterxml.jackson.core</groupId>
            <artifactId>jackson-annotations</artifactId>
            <version>2.9.10</version>
            <licenses>
                <license>
                    <name>Apache License 2.0</name>
                    <url>http://www.apache.org/licenses/LICENSE-2.0</url>
                </license>
            </licenses>
        </dependency>
        <dependency>
            <groupId>com.fasterxml.jackson.core</groupId>
            <artifactId>jackson-core</artifactId>
            <version>2.9.10</version>
            <licenses>
                <license>
                    <name>Apache License 2.0</name>
                    <url>http://www.apache.org/licenses/LICENSE-2.0</url>
                </license>
            </licenses>
        </dependency>
        <dependency>
            <groupId>com.fasterxml.jackson.core</groupId>
            <artifactId>jackson-databind</artifactId>
            <version>2.9.10.3</version>
            <licenses>
                <license>
                    <name>Apache License 2.0</name>
                    <url>http://www.apache.org/licenses/LICENSE-2.0</url>
                </license>
            </licenses>
        </dependency>
        <dependency>
            <groupId>com.fasterxml.jackson.dataformat</groupId>
            <artifactId>jackson-dataformat-yaml</artifactId>
            <version>2.9.10</version>
            <licenses>
                <license>
                    <name>Apache License 2.0</name>
                    <url>http://www.apache.org/licenses/LICENSE-2.0</url>
                </license>
            </licenses>
        </dependency>
        <dependency>
            <groupId>com.fasterxml.jackson.datatype</groupId>
            <artifactId>jackson-datatype-jdk8</artifactId>
            <version>2.9.10</version>
            <licenses>
                <license>
                    <name>Apache License 2.0</name>
                    <url>http://www.apache.org/licenses/LICENSE-2.0</url>
                </license>
            </licenses>
        </dependency>
        <dependency>
            <groupId>com.fasterxml.jackson.datatype</groupId>
            <artifactId>jackson-datatype-jsr310</artifactId>
            <version>2.9.10</version>
            <licenses>
                <license>
                    <name>Apache License 2.0</name>
                    <url>http://www.apache.org/licenses/LICENSE-2.0</url>
                </license>
            </licenses>
        </dependency>
        <dependency>
            <groupId>com.fasterxml.jackson.jaxrs</groupId>
            <artifactId>jackson-jaxrs-base</artifactId>
            <version>2.9.10</version>
            <licenses>
                <license>
                    <name>Apache License 2.0</name>
                    <url>http://www.apache.org/licenses/LICENSE-2.0</url>
                </license>
            </licenses>
        </dependency>
        <dependency>
            <groupId>com.fasterxml.jackson.jaxrs</groupId>
            <artifactId>jackson-jaxrs-json-provider</artifactId>
            <version>2.9.10</version>
            <licenses>
                <license>
                    <name>Apache License 2.0</name>
                    <url>http://www.apache.org/licenses/LICENSE-2.0</url>
                </license>
            </licenses>
        </dependency>
        <dependency>
            <groupId>com.fasterxml.jackson.module</groupId>
            <artifactId>jackson-module-jaxb-annotations</artifactId>
            <version>2.9.10</version>
            <licenses>
                <license>
                    <name>Apache License 2.0</name>
                    <url>http://www.apache.org/licenses/LICENSE-2.0</url>
                </license>
            </licenses>
        </dependency>
        <dependency>
            <groupId>com.fasterxml.jackson.module</groupId>
            <artifactId>jackson-module-parameter-names</artifactId>
            <version>2.9.10</version>
            <licenses>
                <license>
                    <name>Apache License 2.0</name>
                    <url>http://www.apache.org/licenses/LICENSE-2.0</url>
                </license>
            </licenses>
        </dependency>
        <dependency>
            <groupId>com.github.mifmif</groupId>
            <artifactId>generex</artifactId>
            <version>1.0.1</version>
            <licenses>
                <license>
                    <name>Apache License 2.0</name>
                    <url>http://www.apache.org/licenses/LICENSE-2.0</url>
                </license>
            </licenses>
        </dependency>
        <dependency>
            <groupId>com.google.guava</groupId>
            <artifactId>guava</artifactId>
            <version>18.0</version>
            <licenses>
                <license>
                    <name>Apache License 2.0</name>
                    <url>http://www.apache.org/licenses/LICENSE-2.0</url>
                </license>
            </licenses>
        </dependency>
        <dependency>
            <groupId>com.googlecode.json-simple</groupId>
            <artifactId>json-simple</artifactId>
            <version>1.1.1</version>
            <licenses>
                <license>
                    <name>Apache License 2.0</name>
                    <url>http://www.apache.org/licenses/LICENSE-2.0</url>
                </license>
            </licenses>
        </dependency>
        <dependency>
            <groupId>com.h2database</groupId>
            <artifactId>h2</artifactId>
            <version>1.4.200</version>
            <licenses>
                <license>
                    <name>Eclipse Public License, Version 1.0</name>
                    <url>http://repository.jboss.org/licenses/epl-1.0.txt</url>
                </license>
                <license>
                    <name>Mozilla Public License 2.0</name>
                    <url>https://www.mozilla.org/en-US/MPL/2.0/</url>
                </license>
            </licenses>
        </dependency>
        <dependency>
            <groupId>com.jayway.jsonpath</groupId>
            <artifactId>json-path</artifactId>
            <version>2.4.0</version>
            <licenses>
                <license>
                    <name>Apache License 2.0</name>
                    <url>http://www.apache.org/licenses/LICENSE-2.0</url>
                </license>
            </licenses>
        </dependency>
        <dependency>
            <groupId>com.squareup.okhttp3</groupId>
            <artifactId>logging-interceptor</artifactId>
            <version>3.9.1</version>
            <licenses>
                <license>
                    <name>Apache License 2.0</name>
                    <url>http://www.apache.org/licenses/LICENSE-2.0</url>
                </license>
            </licenses>
        </dependency>
        <dependency>
            <groupId>com.squareup.okhttp3</groupId>
            <artifactId>okhttp</artifactId>
            <version>3.8.0</version>
            <licenses>
                <license>
                    <name>Apache License 2.0</name>
                    <url>http://www.apache.org/licenses/LICENSE-2.0</url>
                </license>
            </licenses>
        </dependency>
        <dependency>
            <groupId>com.squareup.okio</groupId>
            <artifactId>okio</artifactId>
            <version>1.13.0</version>
            <licenses>
                <license>
                    <name>Apache License 2.0</name>
                    <url>http://www.apache.org/licenses/LICENSE-2.0</url>
                </license>
            </licenses>
        </dependency>
        <dependency>
            <groupId>com.sun.istack</groupId>
            <artifactId>istack-commons-runtime</artifactId>
            <version>3.0.7</version>
            <licenses>
                <license>
                    <name>Dual license consisting of the CDDL v1.1 and GPL v2</name>
                    <url>https://oss.oracle.com/licenses/CDDL+GPL-1.1</url>
                </license>
                <license>
                    <name>Dual license consisting of the CDDL v1.1 and GPL v2</name>
                    <url>https://oss.oracle.com/licenses/CDDL+GPL-1.1</url>
                </license>
            </licenses>
        </dependency>
        <dependency>
            <groupId>com.sun.xml.fastinfoset</groupId>
            <artifactId>FastInfoset</artifactId>
            <version>1.2.15</version>
            <licenses>
                <license>
                    <name>Apache License 2.0</name>
                    <url>http://www.apache.org/licenses/LICENSE-2.0</url>
                </license>
            </licenses>
        </dependency>
        <dependency>
            <groupId>com.vaadin.external.google</groupId>
            <artifactId>android-json</artifactId>
            <version>0.0.20131108.vaadin1</version>
            <licenses>
                <license>
                    <name>Apache License 2.0</name>
                    <url>http://www.apache.org/licenses/LICENSE-2.0</url>
                </license>
            </licenses>
        </dependency>
        <dependency>
            <groupId>com.zaxxer</groupId>
            <artifactId>HikariCP</artifactId>
            <version>3.2.0</version>
            <licenses>
                <license>
                    <name>Apache License 2.0</name>
                    <url>http://www.apache.org/licenses/LICENSE-2.0</url>
                </license>
            </licenses>
        </dependency>
        <dependency>
            <groupId>commons-codec</groupId>
            <artifactId>commons-codec</artifactId>
            <version>1.11</version>
            <licenses>
                <license>
                    <name>Apache License 2.0</name>
                    <url>http://www.apache.org/licenses/LICENSE-2.0</url>
                </license>
            </licenses>
        </dependency>
        <dependency>
            <groupId>commons-io</groupId>
            <artifactId>commons-io</artifactId>
            <version>2.3</version>
            <licenses>
                <license>
                    <name>Apache License 2.0</name>
                    <url>http://www.apache.org/licenses/LICENSE-2.0</url>
                </license>
            </licenses>
        </dependency>
        <dependency>
            <groupId>commons-lang</groupId>
            <artifactId>commons-lang</artifactId>
            <version>2.6</version>
            <licenses>
                <license>
                    <name>Apache License 2.0</name>
                    <url>http://www.apache.org/licenses/LICENSE-2.0</url>
                </license>
            </licenses>
        </dependency>
        <dependency>
            <groupId>dk.brics.automaton</groupId>
            <artifactId>automaton</artifactId>
            <version>1.11-8</version>
            <licenses>
                <license>
                    <name>BSD 2-clause "Simplified" License</name>
                    <url>https://opensource.org/licenses/BSD-2-Clause/</url>
                </license>
            </licenses>
        </dependency>
        <dependency>
            <groupId>io.fabric8</groupId>
            <artifactId>kubernetes-openshift-uberjar</artifactId>
            <version>3.1.8</version>
            <licenses>
                <license>
                    <name>Apache License 2.0</name>
                    <url>http://www.apache.org/licenses/LICENSE-2.0</url>
                </license>
            </licenses>
        </dependency>
        <dependency>
            <groupId>io.fabric8</groupId>
            <artifactId>zjsonpatch</artifactId>
            <version>0.3.0</version>
            <licenses>
                <license>
                    <name>Apache License 2.0</name>
                    <url>http://www.apache.org/licenses/LICENSE-2.0</url>
                </license>
            </licenses>
        </dependency>
        <dependency>
            <groupId>io.github.lukehutch</groupId>
            <artifactId>fast-classpath-scanner</artifactId>
            <version>2.9.3</version>
            <licenses>
                <license>
                    <name>MIT License</name>
                    <url>https://opensource.org/licenses/MIT/</url>
                </license>
            </licenses>
        </dependency>
        <dependency>
            <groupId>io.micrometer</groupId>
            <artifactId>micrometer-core</artifactId>
            <version>1.1.10</version>
            <licenses>
                <license>
                    <name>Apache License 2.0</name>
                    <url>http://www.apache.org/licenses/LICENSE-2.0</url>
                </license>
            </licenses>
        </dependency>
        <dependency>
            <groupId>io.rest-assured</groupId>
            <artifactId>json-path</artifactId>
            <version>3.1.1</version>
            <licenses>
                <license>
                    <name>Apache License 2.0</name>
                    <url>http://www.apache.org/licenses/LICENSE-2.0</url>
                </license>
            </licenses>
        </dependency>
        <dependency>
            <groupId>io.rest-assured</groupId>
            <artifactId>rest-assured</artifactId>
            <version>3.1.0</version>
            <licenses>
                <license>
                    <name>Apache License 2.0</name>
                    <url>http://www.apache.org/licenses/LICENSE-2.0</url>
                </license>
            </licenses>
        </dependency>
        <dependency>
            <groupId>io.rest-assured</groupId>
            <artifactId>rest-assured-common</artifactId>
            <version>3.1.1</version>
            <licenses>
                <license>
                    <name>Apache License 2.0</name>
                    <url>http://www.apache.org/licenses/LICENSE-2.0</url>
                </license>
            </licenses>
        </dependency>
        <dependency>
            <groupId>io.rest-assured</groupId>
            <artifactId>xml-path</artifactId>
            <version>3.1.1</version>
            <licenses>
                <license>
                    <name>Apache License 2.0</name>
                    <url>http://www.apache.org/licenses/LICENSE-2.0</url>
                </license>
            </licenses>
        </dependency>
        <dependency>
            <groupId>javax.activation</groupId>
            <artifactId>javax.activation-api</artifactId>
            <version>1.2.0</version>
            <licenses>
                <license>
                    <name>Common Development and Distribution License (CDDL) and GNU Public License v.2 w/Classpath Exception</name>
                    <url>https://netbeans.org/cddl-gplv2.html</url>
                </license>
            </licenses>
        </dependency>
        <dependency>
            <groupId>javax.annotation</groupId>
            <artifactId>javax.annotation-api</artifactId>
            <version>1.3.2</version>
            <licenses>
                <license>
                    <name>Common Development and Distribution License (CDDL) and GNU Public License v.2 w/Classpath Exception</name>
                    <url>https://netbeans.org/cddl-gplv2.html</url>
                </license>
            </licenses>
        </dependency>
        <dependency>
            <groupId>javax.annotation</groupId>
            <artifactId>jsr250-api</artifactId>
            <version>1.0</version>
            <licenses>
                <license>
                    <name>Common Development and Distribution License 1.0</name>
                    <url>http://repository.jboss.org/licenses/cddl.txt</url>
                </license>
            </licenses>
        </dependency>
        <dependency>
            <groupId>javax.enterprise</groupId>
            <artifactId>cdi-api</artifactId>
            <version>1.0</version>
            <licenses>
                <license>
                    <name>Apache License 2.0</name>
                    <url>http://www.apache.org/licenses/LICENSE-2.0</url>
                </license>
            </licenses>
        </dependency>
        <dependency>
            <groupId>javax.inject</groupId>
            <artifactId>javax.inject</artifactId>
            <version>1</version>
            <licenses>
                <license>
                    <name>Apache License 2.0</name>
                    <url>http://www.apache.org/licenses/LICENSE-2.0</url>
                </license>
            </licenses>
        </dependency>
        <dependency>
            <groupId>javax.persistence</groupId>
            <artifactId>javax.persistence-api</artifactId>
            <version>2.2</version>
            <licenses>
                <license>
                    <name>Eclipse Distribution License, Version 1.0</name>
                    <url>http://repository.jboss.org/licenses/edl-1.0.txt</url>
                </license>
                <license>
                    <name>Eclipse Public License, Version 1.0</name>
                    <url>http://repository.jboss.org/licenses/epl-1.0.txt</url>
                </license>
            </licenses>
        </dependency>
        <dependency>
            <groupId>javax.transaction</groupId>
            <artifactId>javax.transaction-api</artifactId>
            <version>1.3</version>
            <licenses>
                <license>
                    <name>Common Development and Distribution License (CDDL) and GNU Public License v.2 w/Classpath Exception</name>
                    <url>https://netbeans.org/cddl-gplv2.html</url>
                </license>
            </licenses>
        </dependency>
        <dependency>
            <groupId>javax.validation</groupId>
            <artifactId>validation-api</artifactId>
            <version>2.0.1.Final</version>
            <licenses>
                <license>
                    <name>Apache License 2.0</name>
                    <url>http://www.apache.org/licenses/LICENSE-2.0</url>
                </license>
            </licenses>
        </dependency>
        <dependency>
            <groupId>javax.xml.bind</groupId>
            <artifactId>jaxb-api</artifactId>
            <version>2.3.1</version>
            <licenses>
                <license>
                    <name>GNU General Public License, Version 2 with the Classpath Exception</name>
                    <url>http://repository.jboss.org/licenses/gpl-2.0-ce.txt</url>
                </license>
                <license>
                    <name>Common Development and Distribution License 1.1</name>
                    <url>https://javaee.github.io/glassfish/LICENSE</url>
                </license>
            </licenses>
        </dependency>
        <dependency>
            <groupId>junit</groupId>
            <artifactId>junit</artifactId>
            <version>4.12</version>
            <licenses>
                <license>
                    <name>Eclipse Public License, Version 1.0</name>
                    <url>http://repository.jboss.org/licenses/epl-1.0.txt</url>
                </license>
            </licenses>
        </dependency>
        <dependency>
            <groupId>net.bytebuddy</groupId>
            <artifactId>byte-buddy</artifactId>
            <version>1.9.16</version>
            <licenses>
                <license>
                    <name>Apache License 2.0</name>
                    <url>http://www.apache.org/licenses/LICENSE-2.0</url>
                </license>
            </licenses>
        </dependency>
        <dependency>
            <groupId>net.bytebuddy</groupId>
            <artifactId>byte-buddy-agent</artifactId>
            <version>1.9.16</version>
            <licenses>
                <license>
                    <name>Apache License 2.0</name>
                    <url>http://www.apache.org/licenses/LICENSE-2.0</url>
                </license>
            </licenses>
        </dependency>
        <dependency>
            <groupId>net.minidev</groupId>
            <artifactId>accessors-smart</artifactId>
            <version>1.2</version>
            <licenses>
                <license>
                    <name>Apache License 2.0</name>
                    <url>http://www.apache.org/licenses/LICENSE-2.0</url>
                </license>
            </licenses>
        </dependency>
        <dependency>
            <groupId>net.minidev</groupId>
            <artifactId>json-smart</artifactId>
            <version>2.3</version>
            <licenses>
                <license>
                    <name>Apache License 2.0</name>
                    <url>http://www.apache.org/licenses/LICENSE-2.0</url>
                </license>
            </licenses>
        </dependency>
        <dependency>
            <groupId>org.apache.commons</groupId>
            <artifactId>commons-compress</artifactId>
            <version>1.5</version>
            <licenses>
                <license>
                    <name>Apache License 2.0</name>
                    <url>http://www.apache.org/licenses/LICENSE-2.0</url>
                </license>
            </licenses>
        </dependency>
        <dependency>
            <groupId>org.apache.commons</groupId>
            <artifactId>commons-lang3</artifactId>
            <version>3.8.1</version>
            <licenses>
                <license>
                    <name>Apache License 2.0</name>
                    <url>http://www.apache.org/licenses/LICENSE-2.0</url>
                </license>
            </licenses>
        </dependency>
        <dependency>
            <groupId>org.apache.httpcomponents</groupId>
            <artifactId>httpclient</artifactId>
            <version>4.5.11</version>
            <licenses>
                <license>
                    <name>Apache License 2.0</name>
                    <url>http://www.apache.org/licenses/LICENSE-2.0</url>
                </license>
            </licenses>
        </dependency>
        <dependency>
            <groupId>org.apache.httpcomponents</groupId>
            <artifactId>httpclient-osgi</artifactId>
            <version>4.5.11</version>
            <licenses>
                <license>
                    <name>Apache License 2.0</name>
                    <url>http://www.apache.org/licenses/LICENSE-2.0</url>
                </license>
            </licenses>
        </dependency>
        <dependency>
            <groupId>org.apache.httpcomponents</groupId>
            <artifactId>httpcore</artifactId>
            <version>4.4.13</version>
            <licenses>
                <license>
                    <name>Apache License 2.0</name>
                    <url>http://www.apache.org/licenses/LICENSE-2.0</url>
                </license>
            </licenses>
        </dependency>
        <dependency>
            <groupId>org.apache.httpcomponents</groupId>
            <artifactId>httpmime</artifactId>
            <version>4.5.11</version>
            <licenses>
                <license>
                    <name>Apache License 2.0</name>
                    <url>http://www.apache.org/licenses/LICENSE-2.0</url>
                </license>
            </licenses>
        </dependency>
        <dependency>
            <groupId>org.apache.logging.log4j</groupId>
            <artifactId>log4j-api</artifactId>
            <version>2.11.2</version>
            <licenses>
                <license>
                    <name>Apache License 2.0</name>
                    <url>http://www.apache.org/licenses/LICENSE-2.0</url>
                </license>
            </licenses>
        </dependency>
        <dependency>
            <groupId>org.apache.logging.log4j</groupId>
            <artifactId>log4j-to-slf4j</artifactId>
            <version>2.11.2</version>
            <licenses>
                <license>
                    <name>Apache License 2.0</name>
                    <url>http://www.apache.org/licenses/LICENSE-2.0</url>
                </license>
            </licenses>
        </dependency>
        <dependency>
            <groupId>org.apache.maven</groupId>
            <artifactId>maven-aether-provider</artifactId>
            <version>3.2.5</version>
            <licenses>
                <license>
                    <name>Apache License 2.0</name>
                    <url>http://www.apache.org/licenses/LICENSE-2.0</url>
                </license>
            </licenses>
        </dependency>
        <dependency>
            <groupId>org.apache.maven</groupId>
            <artifactId>maven-model</artifactId>
            <version>3.2.5</version>
            <licenses>
                <license>
                    <name>Apache License 2.0</name>
                    <url>http://www.apache.org/licenses/LICENSE-2.0</url>
                </license>
            </licenses>
        </dependency>
        <dependency>
            <groupId>org.apache.maven</groupId>
            <artifactId>maven-model-builder</artifactId>
            <version>3.2.5</version>
            <licenses>
                <license>
                    <name>Apache License 2.0</name>
                    <url>http://www.apache.org/licenses/LICENSE-2.0</url>
                </license>
            </licenses>
        </dependency>
        <dependency>
            <groupId>org.apache.maven</groupId>
            <artifactId>maven-repository-metadata</artifactId>
            <version>3.2.5</version>
            <licenses>
                <license>
                    <name>Apache License 2.0</name>
                    <url>http://www.apache.org/licenses/LICENSE-2.0</url>
                </license>
            </licenses>
        </dependency>
        <dependency>
            <groupId>org.apache.maven</groupId>
            <artifactId>maven-settings</artifactId>
            <version>3.2.5</version>
            <licenses>
                <license>
                    <name>Apache License 2.0</name>
                    <url>http://www.apache.org/licenses/LICENSE-2.0</url>
                </license>
            </licenses>
        </dependency>
        <dependency>
            <groupId>org.apache.maven</groupId>
            <artifactId>maven-settings-builder</artifactId>
            <version>3.2.5</version>
            <licenses>
                <license>
                    <name>Apache License 2.0</name>
                    <url>http://www.apache.org/licenses/LICENSE-2.0</url>
                </license>
            </licenses>
        </dependency>
        <dependency>
            <groupId>org.apache.maven.shared</groupId>
            <artifactId>maven-invoker</artifactId>
            <version>3.0.0</version>
            <licenses>
                <license>
                    <name>Apache License 2.0</name>
                    <url>http://www.apache.org/licenses/LICENSE-2.0</url>
                </license>
            </licenses>
        </dependency>
        <dependency>
            <groupId>org.apache.maven.wagon</groupId>
            <artifactId>wagon-file</artifactId>
            <version>2.6</version>
            <licenses>
                <license>
                    <name>Apache License 2.0</name>
                    <url>http://www.apache.org/licenses/LICENSE-2.0</url>
                </license>
            </licenses>
        </dependency>
        <dependency>
            <groupId>org.apache.maven.wagon</groupId>
            <artifactId>wagon-http-lightweight</artifactId>
            <version>2.6</version>
            <licenses>
                <license>
                    <name>Apache License 2.0</name>
                    <url>http://www.apache.org/licenses/LICENSE-2.0</url>
                </license>
            </licenses>
        </dependency>
        <dependency>
            <groupId>org.apache.maven.wagon</groupId>
            <artifactId>wagon-http-shared</artifactId>
            <version>2.6</version>
            <licenses>
                <license>
                    <name>Apache License 2.0</name>
                    <url>http://www.apache.org/licenses/LICENSE-2.0</url>
                </license>
            </licenses>
        </dependency>
        <dependency>
            <groupId>org.apache.maven.wagon</groupId>
            <artifactId>wagon-provider-api</artifactId>
            <version>2.6</version>
            <licenses>
                <license>
                    <name>Apache License 2.0</name>
                    <url>http://www.apache.org/licenses/LICENSE-2.0</url>
                </license>
            </licenses>
        </dependency>
        <dependency>
            <groupId>org.apache.tomcat.embed</groupId>
            <artifactId>tomcat-embed-core</artifactId>
            <version>9.0.31</version>
            <licenses>
                <license>
                    <name>Apache License 2.0</name>
                    <url>http://www.apache.org/licenses/LICENSE-2.0</url>
                </license>
            </licenses>
        </dependency>
        <dependency>
            <groupId>org.apache.tomcat.embed</groupId>
            <artifactId>tomcat-embed-el</artifactId>
            <version>9.0.31</version>
            <licenses>
                <license>
                    <name>Apache License 2.0</name>
                    <url>http://www.apache.org/licenses/LICENSE-2.0</url>
                </license>
            </licenses>
        </dependency>
        <dependency>
            <groupId>org.apache.tomcat.embed</groupId>
            <artifactId>tomcat-embed-websocket</artifactId>
            <version>9.0.31</version>
            <licenses>
                <license>
                    <name>Apache License 2.0</name>
                    <url>http://www.apache.org/licenses/LICENSE-2.0</url>
                </license>
            </licenses>
        </dependency>
        <dependency>
            <groupId>org.arquillian.cube</groupId>
            <artifactId>arquillian-cube-api</artifactId>
            <version>1.15.3</version>
            <licenses>
                <license>
                    <name>Apache License 2.0</name>
                    <url>http://www.apache.org/licenses/LICENSE-2.0</url>
                </license>
            </licenses>
        </dependency>
        <dependency>
            <groupId>org.arquillian.cube</groupId>
            <artifactId>arquillian-cube-core</artifactId>
            <version>1.15.3</version>
            <licenses>
                <license>
                    <name>Apache License 2.0</name>
                    <url>http://www.apache.org/licenses/LICENSE-2.0</url>
                </license>
            </licenses>
        </dependency>
        <dependency>
            <groupId>org.arquillian.cube</groupId>
            <artifactId>arquillian-cube-kubernetes</artifactId>
            <version>1.15.3</version>
            <licenses>
                <license>
                    <name>Apache License 2.0</name>
                    <url>http://www.apache.org/licenses/LICENSE-2.0</url>
                </license>
            </licenses>
        </dependency>
        <dependency>
            <groupId>org.arquillian.cube</groupId>
            <artifactId>arquillian-cube-openshift</artifactId>
            <version>1.15.3</version>
            <licenses>
                <license>
                    <name>Apache License 2.0</name>
                    <url>http://www.apache.org/licenses/LICENSE-2.0</url>
                </license>
            </licenses>
        </dependency>
        <dependency>
            <groupId>org.arquillian.cube</groupId>
            <artifactId>arquillian-cube-openshift-api</artifactId>
            <version>1.15.3</version>
            <licenses>
                <license>
                    <name>Apache License 2.0</name>
                    <url>http://www.apache.org/licenses/LICENSE-2.0</url>
                </license>
            </licenses>
        </dependency>
        <dependency>
            <groupId>org.arquillian.cube</groupId>
            <artifactId>arquillian-cube-requirement-spi</artifactId>
            <version>1.15.3</version>
            <licenses>
                <license>
                    <name>Apache License 2.0</name>
                    <url>http://www.apache.org/licenses/LICENSE-2.0</url>
                </license>
            </licenses>
        </dependency>
        <dependency>
            <groupId>org.arquillian.cube</groupId>
            <artifactId>arquillian-cube-spi</artifactId>
            <version>1.15.3</version>
            <licenses>
                <license>
                    <name>Apache License 2.0</name>
                    <url>http://www.apache.org/licenses/LICENSE-2.0</url>
                </license>
            </licenses>
        </dependency>
        <dependency>
            <groupId>org.arquillian.cube</groupId>
            <artifactId>fabric8-maven-plugin-build</artifactId>
            <version>1.15.3</version>
            <licenses>
                <license>
                    <name>Apache License 2.0</name>
                    <url>http://www.apache.org/licenses/LICENSE-2.0</url>
                </license>
            </licenses>
        </dependency>
        <dependency>
            <groupId>org.arquillian.reporter</groupId>
            <artifactId>arquillian-core-reporter-api</artifactId>
            <version>0.0.3</version>
            <licenses>
                <license>
                    <name>Apache License 2.0</name>
                    <url>http://www.apache.org/licenses/LICENSE-2.0</url>
                </license>
            </licenses>
        </dependency>
        <dependency>
            <groupId>org.arquillian.reporter</groupId>
            <artifactId>arquillian-reporter-api</artifactId>
            <version>0.0.3</version>
            <licenses>
                <license>
                    <name>Apache License 2.0</name>
                    <url>http://www.apache.org/licenses/LICENSE-2.0</url>
                </license>
            </licenses>
        </dependency>
        <dependency>
            <groupId>org.arquillian.spacelift</groupId>
            <artifactId>arquillian-spacelift</artifactId>
            <version>1.0.2</version>
            <licenses>
                <license>
                    <name>Public Domain</name>
                    <url>http://repository.jboss.org/licenses/cc0-1.0.txt</url>
                </license>
            </licenses>
        </dependency>
        <dependency>
            <groupId>org.arquillian.spacelift</groupId>
            <artifactId>arquillian-spacelift-api</artifactId>
            <version>1.0.2</version>
            <licenses>
                <license>
                    <name>Public Domain</name>
                    <url>http://repository.jboss.org/licenses/cc0-1.0.txt</url>
                </license>
            </licenses>
        </dependency>
        <dependency>
            <groupId>org.aspectj</groupId>
            <artifactId>aspectjweaver</artifactId>
            <version>1.9.5</version>
            <licenses>
                <license>
                    <name>Eclipse Public License, Version 1.0</name>
                    <url>http://repository.jboss.org/licenses/epl-1.0.txt</url>
                </license>
            </licenses>
        </dependency>
        <dependency>
            <groupId>org.assertj</groupId>
            <artifactId>assertj-core</artifactId>
            <version>3.11.1</version>
            <licenses>
                <license>
                    <name>Apache License 2.0</name>
                    <url>http://www.apache.org/licenses/LICENSE-2.0</url>
                </license>
            </licenses>
        </dependency>
        <dependency>
            <groupId>org.awaitility</groupId>
            <artifactId>awaitility</artifactId>
            <version>3.1.0</version>
            <licenses>
                <license>
                    <name>Apache License 2.0</name>
                    <url>http://www.apache.org/licenses/LICENSE-2.0</url>
                </license>
            </licenses>
        </dependency>
        <dependency>
            <groupId>org.ccil.cowan.tagsoup</groupId>
            <artifactId>tagsoup</artifactId>
            <version>1.2.1</version>
            <licenses>
                <license>
                    <name>Apache License 2.0</name>
                    <url>http://www.apache.org/licenses/LICENSE-2.0</url>
                </license>
            </licenses>
        </dependency>
        <dependency>
            <groupId>org.codehaus.groovy</groupId>
            <artifactId>groovy</artifactId>
            <version>2.5.9</version>
            <licenses>
                <license>
                    <name>Apache License 2.0</name>
                    <url>http://www.apache.org/licenses/LICENSE-2.0</url>
                </license>
            </licenses>
        </dependency>
        <dependency>
            <groupId>org.codehaus.groovy</groupId>
            <artifactId>groovy-json</artifactId>
            <version>2.5.9</version>
            <licenses>
                <license>
                    <name>Apache License 2.0</name>
                    <url>http://www.apache.org/licenses/LICENSE-2.0</url>
                </license>
            </licenses>
        </dependency>
        <dependency>
            <groupId>org.codehaus.groovy</groupId>
            <artifactId>groovy-xml</artifactId>
            <version>2.5.9</version>
            <licenses>
                <license>
                    <name>Apache License 2.0</name>
                    <url>http://www.apache.org/licenses/LICENSE-2.0</url>
                </license>
            </licenses>
        </dependency>
        <dependency>
            <groupId>org.codehaus.plexus</groupId>
            <artifactId>plexus-compiler-api</artifactId>
            <version>2.3</version>
            <licenses>
                <license>
                    <name>Apache License 2.0</name>
                    <url>http://www.apache.org/licenses/LICENSE-2.0</url>
                </license>
            </licenses>
        </dependency>
        <dependency>
            <groupId>org.codehaus.plexus</groupId>
            <artifactId>plexus-compiler-javac</artifactId>
            <version>2.3</version>
            <licenses>
                <license>
                    <name>Apache License 2.0</name>
                    <url>http://www.apache.org/licenses/LICENSE-2.0</url>
                </license>
            </licenses>
        </dependency>
        <dependency>
            <groupId>org.codehaus.plexus</groupId>
            <artifactId>plexus-component-annotations</artifactId>
            <version>1.7</version>
            <licenses>
                <license>
                    <name>Apache License 2.0</name>
                    <url>http://www.apache.org/licenses/LICENSE-2.0</url>
                </license>
            </licenses>
        </dependency>
        <dependency>
            <groupId>org.codehaus.plexus</groupId>
            <artifactId>plexus-interpolation</artifactId>
            <version>1.21</version>
            <licenses>
                <license>
                    <name>Apache License 2.0</name>
                    <url>http://www.apache.org/licenses/LICENSE-2.0</url>
                </license>
            </licenses>
        </dependency>
        <dependency>
            <groupId>org.codehaus.plexus</groupId>
            <artifactId>plexus-utils</artifactId>
            <version>3.0.20</version>
            <licenses>
                <license>
                    <name>Apache License 2.0</name>
                    <url>http://www.apache.org/licenses/LICENSE-2.0</url>
                </license>
            </licenses>
        </dependency>
        <dependency>
            <groupId>org.dom4j</groupId>
            <artifactId>dom4j</artifactId>
            <version>2.1.1</version>
            <licenses>
                <license>
                    <name>BSD 3-clause "New" or "Revised" License</name>
                    <url>https://opensource.org/licenses/BSD-3-Clause/</url>
                </license>
            </licenses>
        </dependency>
        <dependency>
            <groupId>org.eclipse.aether</groupId>
            <artifactId>aether-api</artifactId>
            <version>1.0.0.v20140518</version>
            <licenses>
                <license>
                    <name>Eclipse Public License, Version 1.0</name>
                    <url>http://repository.jboss.org/licenses/epl-1.0.txt</url>
                </license>
            </licenses>
        </dependency>
        <dependency>
            <groupId>org.eclipse.aether</groupId>
            <artifactId>aether-connector-basic</artifactId>
            <version>1.0.0.v20140518</version>
            <licenses>
                <license>
                    <name>Eclipse Public License, Version 1.0</name>
                    <url>http://repository.jboss.org/licenses/epl-1.0.txt</url>
                </license>
            </licenses>
        </dependency>
        <dependency>
            <groupId>org.eclipse.aether</groupId>
            <artifactId>aether-impl</artifactId>
            <version>1.0.0.v20140518</version>
            <licenses>
                <license>
                    <name>Eclipse Public License, Version 1.0</name>
                    <url>http://repository.jboss.org/licenses/epl-1.0.txt</url>
                </license>
            </licenses>
        </dependency>
        <dependency>
            <groupId>org.eclipse.aether</groupId>
            <artifactId>aether-spi</artifactId>
            <version>1.0.0.v20140518</version>
            <licenses>
                <license>
                    <name>Eclipse Public License, Version 1.0</name>
                    <url>http://repository.jboss.org/licenses/epl-1.0.txt</url>
                </license>
            </licenses>
        </dependency>
        <dependency>
            <groupId>org.eclipse.aether</groupId>
            <artifactId>aether-transport-wagon</artifactId>
            <version>1.0.0.v20140518</version>
            <licenses>
                <license>
                    <name>Eclipse Public License, Version 1.0</name>
                    <url>http://repository.jboss.org/licenses/epl-1.0.txt</url>
                </license>
            </licenses>
        </dependency>
        <dependency>
            <groupId>org.eclipse.aether</groupId>
            <artifactId>aether-util</artifactId>
            <version>1.0.0.v20140518</version>
            <licenses>
                <license>
                    <name>Eclipse Public License, Version 1.0</name>
                    <url>http://repository.jboss.org/licenses/epl-1.0.txt</url>
                </license>
            </licenses>
        </dependency>
        <dependency>
            <groupId>org.eclipse.sisu</groupId>
            <artifactId>org.eclipse.sisu.inject</artifactId>
            <version>0.3.0.M1</version>
            <licenses>
                <license>
                    <name>Eclipse Public License, Version 1.0</name>
                    <url>http://repository.jboss.org/licenses/epl-1.0.txt</url>
                </license>
            </licenses>
        </dependency>
        <dependency>
            <groupId>org.eclipse.sisu</groupId>
            <artifactId>org.eclipse.sisu.plexus</artifactId>
            <version>0.3.0.M1</version>
            <licenses>
                <license>
                    <name>Eclipse Public License, Version 1.0</name>
                    <url>http://repository.jboss.org/licenses/epl-1.0.txt</url>
                </license>
            </licenses>
        </dependency>
        <dependency>
            <groupId>org.fusesource.jansi</groupId>
            <artifactId>jansi</artifactId>
            <version>1.11</version>
            <licenses>
                <license>
                    <name>Apache License 2.0</name>
                    <url>http://www.apache.org/licenses/LICENSE-2.0</url>
                </license>
            </licenses>
        </dependency>
        <dependency>
            <groupId>org.glassfish.jaxb</groupId>
            <artifactId>jaxb-runtime</artifactId>
            <version>2.3.1</version>
            <licenses>
                <license>
                    <name>Dual license consisting of the CDDL v1.1 and GPL v2</name>
                    <url>https://oss.oracle.com/licenses/CDDL+GPL-1.1</url>
                </license>
            </licenses>
        </dependency>
        <dependency>
            <groupId>org.glassfish.jaxb</groupId>
            <artifactId>txw2</artifactId>
            <version>2.3.1</version>
            <licenses>
                <license>
                    <name>Dual license consisting of the CDDL v1.1 and GPL v2</name>
                    <url>https://oss.oracle.com/licenses/CDDL+GPL-1.1</url>
                </license>
            </licenses>
        </dependency>
        <dependency>
            <groupId>org.hamcrest</groupId>
            <artifactId>hamcrest-core</artifactId>
            <version>1.3</version>
            <licenses>
                <license>
                    <name>BSD 2-clause "Simplified" License</name>
                    <url>https://opensource.org/licenses/BSD-2-Clause/</url>
                </license>
            </licenses>
        </dependency>
        <dependency>
            <groupId>org.hamcrest</groupId>
            <artifactId>hamcrest-library</artifactId>
            <version>1.3</version>
            <licenses>
                <license>
                    <name>BSD 2-clause "Simplified" License</name>
                    <url>https://opensource.org/licenses/BSD-2-Clause/</url>
                </license>
            </licenses>
        </dependency>
        <dependency>
            <groupId>org.hdrhistogram</groupId>
            <artifactId>HdrHistogram</artifactId>
            <version>2.1.9</version>
            <licenses>
                <license>
                    <name>Public Domain, per Creative Commons CC0</name>
                    <url>http://creativecommons.org/publicdomain/zero/1.0/</url>
                </license>
            </licenses>
        </dependency>
        <dependency>
            <groupId>org.hibernate</groupId>
            <artifactId>hibernate-core</artifactId>
            <version>5.3.15.Final</version>
            <licenses>
                <license>
                    <name>GNU Lesser General Public License v2.1 or later</name>
                    <url>http://www.gnu.org/licenses/old-licenses/lgpl-2.1-standalone.html</url>
                </license>
            </licenses>
        </dependency>
        <dependency>
            <groupId>org.hibernate.common</groupId>
            <artifactId>hibernate-commons-annotations</artifactId>
            <version>5.0.4.Final</version>
            <licenses>
                <license>
                    <name>GNU Lesser General Public License v2.1 only</name>
                    <url>http://www.gnu.org/licenses/old-licenses/lgpl-2.1.html</url>
                </license>
            </licenses>
        </dependency>
        <dependency>
            <groupId>org.hibernate.validator</groupId>
            <artifactId>hibernate-validator</artifactId>
            <version>6.0.18.Final</version>
            <licenses>
                <license>
                    <name>Apache License 2.0</name>
                    <url>http://www.apache.org/licenses/LICENSE-2.0</url>
                </license>
            </licenses>
        </dependency>
        <dependency>
            <groupId>org.javassist</groupId>
            <artifactId>javassist</artifactId>
            <version>3.18.1-GA</version>
            <licenses>
                <license>
                    <name>Apache License 2.0</name>
                    <url>http://www.apache.org/licenses/LICENSE-2.0</url>
                </license>
                <license>
                    <name>GNU Lesser General Public License v2.1 only</name>
                    <url>http://www.gnu.org/licenses/old-licenses/lgpl-2.1.html</url>
                </license>
                <license>
                    <name>Mozilla Public License 1.1</name>
                    <url>https://www.mozilla.org/en-US/MPL/1.1/</url>
                </license>
            </licenses>
        </dependency>
        <dependency>
            <groupId>org.jboss</groupId>
            <artifactId>jandex</artifactId>
            <version>2.0.5.Final</version>
            <licenses>
                <license>
                    <name>Apache License 2.0</name>
                    <url>http://www.apache.org/licenses/LICENSE-2.0</url>
                </license>
            </licenses>
        </dependency>
        <dependency>
            <groupId>org.jboss</groupId>
            <artifactId>jboss-dmr</artifactId>
            <version>1.2.0.Final</version>
            <licenses>
                <license>
                    <name>Public Domain</name>
                    <url>http://repository.jboss.org/licenses/cc0-1.0.txt</url>
                </license>
            </licenses>
        </dependency>
        <dependency>
            <groupId>org.jboss.arquillian.config</groupId>
            <artifactId>arquillian-config-api</artifactId>
            <version>1.4.0.Final</version>
            <licenses>
                <license>
                    <name>Apache License 2.0</name>
                    <url>http://www.apache.org/licenses/LICENSE-2.0</url>
                </license>
            </licenses>
        </dependency>
        <dependency>
            <groupId>org.jboss.arquillian.config</groupId>
            <artifactId>arquillian-config-impl-base</artifactId>
            <version>1.4.0.Final</version>
            <licenses>
                <license>
                    <name>Apache License 2.0</name>
                    <url>http://www.apache.org/licenses/LICENSE-2.0</url>
                </license>
            </licenses>
        </dependency>
        <dependency>
            <groupId>org.jboss.arquillian.config</groupId>
            <artifactId>arquillian-config-spi</artifactId>
            <version>1.4.0.Final</version>
            <licenses>
                <license>
                    <name>Apache License 2.0</name>
                    <url>http://www.apache.org/licenses/LICENSE-2.0</url>
                </license>
            </licenses>
        </dependency>
        <dependency>
            <groupId>org.jboss.arquillian.core</groupId>
            <artifactId>arquillian-core-api</artifactId>
            <version>1.4.0.Final</version>
            <licenses>
                <license>
                    <name>Apache License 2.0</name>
                    <url>http://www.apache.org/licenses/LICENSE-2.0</url>
                </license>
            </licenses>
        </dependency>
        <dependency>
            <groupId>org.jboss.arquillian.core</groupId>
            <artifactId>arquillian-core-impl-base</artifactId>
            <version>1.4.0.Final</version>
            <licenses>
                <license>
                    <name>Apache License 2.0</name>
                    <url>http://www.apache.org/licenses/LICENSE-2.0</url>
                </license>
            </licenses>
        </dependency>
        <dependency>
            <groupId>org.jboss.arquillian.core</groupId>
            <artifactId>arquillian-core-spi</artifactId>
            <version>1.4.0.Final</version>
            <licenses>
                <license>
                    <name>Apache License 2.0</name>
                    <url>http://www.apache.org/licenses/LICENSE-2.0</url>
                </license>
            </licenses>
        </dependency>
        <dependency>
            <groupId>org.jboss.arquillian.junit</groupId>
            <artifactId>arquillian-junit-core</artifactId>
            <version>1.4.0.Final</version>
            <licenses>
                <license>
                    <name>Apache License 2.0</name>
                    <url>http://www.apache.org/licenses/LICENSE-2.0</url>
                </license>
            </licenses>
        </dependency>
        <dependency>
            <groupId>org.jboss.arquillian.junit</groupId>
            <artifactId>arquillian-junit-standalone</artifactId>
            <version>1.4.0.Final</version>
            <licenses>
                <license>
                    <name>Apache License 2.0</name>
                    <url>http://www.apache.org/licenses/LICENSE-2.0</url>
                </license>
            </licenses>
        </dependency>
        <dependency>
            <groupId>org.jboss.arquillian.test</groupId>
            <artifactId>arquillian-test-api</artifactId>
            <version>1.4.0.Final</version>
            <licenses>
                <license>
                    <name>Apache License 2.0</name>
                    <url>http://www.apache.org/licenses/LICENSE-2.0</url>
                </license>
            </licenses>
        </dependency>
        <dependency>
            <groupId>org.jboss.arquillian.test</groupId>
            <artifactId>arquillian-test-impl-base</artifactId>
            <version>1.4.0.Final</version>
            <licenses>
                <license>
                    <name>Apache License 2.0</name>
                    <url>http://www.apache.org/licenses/LICENSE-2.0</url>
                </license>
            </licenses>
        </dependency>
        <dependency>
            <groupId>org.jboss.arquillian.test</groupId>
            <artifactId>arquillian-test-spi</artifactId>
            <version>1.4.0.Final</version>
            <licenses>
                <license>
                    <name>Apache License 2.0</name>
                    <url>http://www.apache.org/licenses/LICENSE-2.0</url>
                </license>
            </licenses>
        </dependency>
        <dependency>
            <groupId>org.jboss.logging</groupId>
            <artifactId>jboss-logging</artifactId>
            <version>3.3.3.Final</version>
            <licenses>
                <license>
                    <name>Apache License 2.0</name>
                    <url>http://www.apache.org/licenses/LICENSE-2.0</url>
                </license>
            </licenses>
        </dependency>
        <dependency>
            <groupId>org.jboss.shrinkwrap</groupId>
            <artifactId>shrinkwrap-api</artifactId>
            <version>1.2.6</version>
            <licenses>
                <license>
                    <name>Apache License 2.0</name>
                    <url>http://www.apache.org/licenses/LICENSE-2.0</url>
                </license>
            </licenses>
        </dependency>
        <dependency>
            <groupId>org.jboss.shrinkwrap</groupId>
            <artifactId>shrinkwrap-impl-base</artifactId>
            <version>1.2.6</version>
            <licenses>
                <license>
                    <name>Apache License 2.0</name>
                    <url>http://www.apache.org/licenses/LICENSE-2.0</url>
                </license>
            </licenses>
        </dependency>
        <dependency>
            <groupId>org.jboss.shrinkwrap</groupId>
            <artifactId>shrinkwrap-spi</artifactId>
            <version>1.2.6</version>
            <licenses>
                <license>
                    <name>Apache License 2.0</name>
                    <url>http://www.apache.org/licenses/LICENSE-2.0</url>
                </license>
            </licenses>
        </dependency>
        <dependency>
            <groupId>org.jboss.shrinkwrap.descriptors</groupId>
            <artifactId>shrinkwrap-descriptors-api-base</artifactId>
            <version>2.0.0</version>
            <licenses>
                <license>
                    <name>Apache License 2.0</name>
                    <url>http://www.apache.org/licenses/LICENSE-2.0</url>
                </license>
            </licenses>
        </dependency>
        <dependency>
            <groupId>org.jboss.shrinkwrap.descriptors</groupId>
            <artifactId>shrinkwrap-descriptors-api-javaee</artifactId>
            <version>2.0.0</version>
            <licenses>
                <license>
                    <name>Apache License 2.0</name>
                    <url>http://www.apache.org/licenses/LICENSE-2.0</url>
                </license>
            </licenses>
        </dependency>
        <dependency>
            <groupId>org.jboss.shrinkwrap.descriptors</groupId>
            <artifactId>shrinkwrap-descriptors-impl-base</artifactId>
            <version>2.0.0</version>
            <licenses>
                <license>
                    <name>Apache License 2.0</name>
                    <url>http://www.apache.org/licenses/LICENSE-2.0</url>
                </license>
            </licenses>
        </dependency>
        <dependency>
            <groupId>org.jboss.shrinkwrap.descriptors</groupId>
            <artifactId>shrinkwrap-descriptors-impl-javaee</artifactId>
            <version>2.0.0</version>
            <licenses>
                <license>
                    <name>Apache License 2.0</name>
                    <url>http://www.apache.org/licenses/LICENSE-2.0</url>
                </license>
            </licenses>
        </dependency>
        <dependency>
            <groupId>org.jboss.shrinkwrap.descriptors</groupId>
            <artifactId>shrinkwrap-descriptors-spi</artifactId>
            <version>2.0.0</version>
            <licenses>
                <license>
                    <name>Apache License 2.0</name>
                    <url>http://www.apache.org/licenses/LICENSE-2.0</url>
                </license>
            </licenses>
        </dependency>
        <dependency>
            <groupId>org.jboss.shrinkwrap.resolver</groupId>
            <artifactId>shrinkwrap-resolver-api</artifactId>
            <version>2.2.6</version>
            <licenses>
                <license>
                    <name>Apache License 2.0</name>
                    <url>http://www.apache.org/licenses/LICENSE-2.0</url>
                </license>
            </licenses>
        </dependency>
        <dependency>
            <groupId>org.jboss.shrinkwrap.resolver</groupId>
            <artifactId>shrinkwrap-resolver-api-maven</artifactId>
            <version>2.2.6</version>
            <licenses>
                <license>
                    <name>Apache License 2.0</name>
                    <url>http://www.apache.org/licenses/LICENSE-2.0</url>
                </license>
            </licenses>
        </dependency>
        <dependency>
            <groupId>org.jboss.shrinkwrap.resolver</groupId>
            <artifactId>shrinkwrap-resolver-api-maven-archive</artifactId>
            <version>2.2.6</version>
            <licenses>
                <license>
                    <name>Apache License 2.0</name>
                    <url>http://www.apache.org/licenses/LICENSE-2.0</url>
                </license>
            </licenses>
        </dependency>
        <dependency>
            <groupId>org.jboss.shrinkwrap.resolver</groupId>
            <artifactId>shrinkwrap-resolver-api-maven-embedded</artifactId>
            <version>3.0.1</version>
            <licenses>
                <license>
                    <name>Apache License 2.0</name>
                    <url>http://www.apache.org/licenses/LICENSE-2.0</url>
                </license>
            </licenses>
        </dependency>
        <dependency>
            <groupId>org.jboss.shrinkwrap.resolver</groupId>
            <artifactId>shrinkwrap-resolver-depchain</artifactId>
            <version>2.2.6</version>
            <licenses>
                <license>
                    <name>Apache License 2.0</name>
                    <url>http://www.apache.org/licenses/LICENSE-2.0</url>
                </license>
            </licenses>
        </dependency>
        <dependency>
            <groupId>org.jboss.shrinkwrap.resolver</groupId>
            <artifactId>shrinkwrap-resolver-impl-maven</artifactId>
            <version>2.2.6</version>
            <licenses>
                <license>
                    <name>Apache License 2.0</name>
                    <url>http://www.apache.org/licenses/LICENSE-2.0</url>
                </license>
            </licenses>
        </dependency>
        <dependency>
            <groupId>org.jboss.shrinkwrap.resolver</groupId>
            <artifactId>shrinkwrap-resolver-impl-maven-archive</artifactId>
            <version>2.2.6</version>
            <licenses>
                <license>
                    <name>Apache License 2.0</name>
                    <url>http://www.apache.org/licenses/LICENSE-2.0</url>
                </license>
            </licenses>
        </dependency>
        <dependency>
            <groupId>org.jboss.shrinkwrap.resolver</groupId>
            <artifactId>shrinkwrap-resolver-impl-maven-embedded</artifactId>
            <version>3.0.1</version>
            <licenses>
                <license>
                    <name>Apache License 2.0</name>
                    <url>http://www.apache.org/licenses/LICENSE-2.0</url>
                </license>
            </licenses>
        </dependency>
        <dependency>
            <groupId>org.jboss.shrinkwrap.resolver</groupId>
            <artifactId>shrinkwrap-resolver-spi</artifactId>
            <version>2.2.6</version>
            <licenses>
                <license>
                    <name>Apache License 2.0</name>
                    <url>http://www.apache.org/licenses/LICENSE-2.0</url>
                </license>
            </licenses>
        </dependency>
        <dependency>
            <groupId>org.jboss.shrinkwrap.resolver</groupId>
            <artifactId>shrinkwrap-resolver-spi-maven</artifactId>
            <version>2.2.6</version>
            <licenses>
                <license>
                    <name>Apache License 2.0</name>
                    <url>http://www.apache.org/licenses/LICENSE-2.0</url>
                </license>
            </licenses>
        </dependency>
        <dependency>
            <groupId>org.jboss.shrinkwrap.resolver</groupId>
            <artifactId>shrinkwrap-resolver-spi-maven-archive</artifactId>
            <version>2.2.6</version>
            <licenses>
                <license>
                    <name>Apache License 2.0</name>
                    <url>http://www.apache.org/licenses/LICENSE-2.0</url>
                </license>
            </licenses>
        </dependency>
        <dependency>
            <groupId>org.jolokia</groupId>
            <artifactId>jolokia-client-java</artifactId>
            <version>1.3.4</version>
            <licenses>
                <license>
                    <name>Apache License 2.0</name>
                    <url>http://www.apache.org/licenses/LICENSE-2.0</url>
                </license>
            </licenses>
        </dependency>
        <dependency>
            <groupId>org.jsoup</groupId>
            <artifactId>jsoup</artifactId>
            <version>1.7.2</version>
            <licenses>
                <license>
                    <name>MIT License</name>
                    <url>https://opensource.org/licenses/MIT/</url>
                </license>
            </licenses>
        </dependency>
        <dependency>
            <groupId>org.jvnet.staxex</groupId>
            <artifactId>stax-ex</artifactId>
            <version>1.8</version>
            <licenses>
                <license>
                    <name>Dual license consisting of the CDDL v1.1 and GPL v2</name>
                    <url>https://glassfish.dev.java.net/public/CDDL+GPL_1_1.html</url>
                </license>
            </licenses>
        </dependency>
        <dependency>
            <groupId>org.kohsuke.metainf-services</groupId>
            <artifactId>metainf-services</artifactId>
            <version>1.6</version>
            <licenses>
                <license>
                    <name>MIT License</name>
                    <url>https://opensource.org/licenses/MIT/</url>
                </license>
            </licenses>
        </dependency>
        <dependency>
            <groupId>org.latencyutils</groupId>
            <artifactId>LatencyUtils</artifactId>
            <version>2.0.3</version>
            <licenses>
                <license>
                    <name>Public Domain, per Creative Commons CC0</name>
                    <url>http://creativecommons.org/publicdomain/zero/1.0/</url>
                </license>
            </licenses>
        </dependency>
        <dependency>
            <groupId>org.mockito</groupId>
            <artifactId>mockito-core</artifactId>
            <version>2.23.4</version>
            <licenses>
                <license>
                    <name>MIT License</name>
                    <url>https://opensource.org/licenses/MIT/</url>
                </license>
            </licenses>
        </dependency>
        <dependency>
            <groupId>org.objenesis</groupId>
            <artifactId>objenesis</artifactId>
            <version>2.6</version>
            <licenses>
                <license>
                    <name>Apache License 2.0</name>
                    <url>http://www.apache.org/licenses/LICENSE-2.0</url>
                </license>
            </licenses>
        </dependency>
        <dependency>
            <groupId>org.ow2.asm</groupId>
            <artifactId>asm</artifactId>
            <version>5.0.4</version>
            <licenses>
                <license>
                    <name>The Asm BSD License</name>
                    <url>http://asm.ow2.org/license.html</url>
                </license>
            </licenses>
        </dependency>
        <dependency>
            <groupId>org.skyscreamer</groupId>
            <artifactId>jsonassert</artifactId>
            <version>1.5.0</version>
            <licenses>
                <license>
                    <name>Apache License 2.0</name>
                    <url>http://www.apache.org/licenses/LICENSE-2.0</url>
                </license>
            </licenses>
        </dependency>
        <dependency>
            <groupId>org.slf4j</groupId>
            <artifactId>jul-to-slf4j</artifactId>
            <version>1.7.30</version>
            <licenses>
                <license>
                    <name>MIT License</name>
                    <url>https://opensource.org/licenses/MIT/</url>
                </license>
            </licenses>
        </dependency>
        <dependency>
            <groupId>org.slf4j</groupId>
            <artifactId>slf4j-api</artifactId>
            <version>1.7.30</version>
            <licenses>
                <license>
                    <name>MIT License</name>
                    <url>https://opensource.org/licenses/MIT/</url>
                </license>
            </licenses>
        </dependency>
        <dependency>
            <groupId>org.sonatype.plexus</groupId>
            <artifactId>plexus-cipher</artifactId>
            <version>1.4</version>
            <licenses>
                <license>
                    <name>Apache License 2.0</name>
                    <url>http://www.apache.org/licenses/LICENSE-2.0</url>
                </license>
            </licenses>
        </dependency>
        <dependency>
            <groupId>org.sonatype.plexus</groupId>
            <artifactId>plexus-sec-dispatcher</artifactId>
            <version>1.3</version>
            <licenses>
                <license>
                    <name>Apache License 2.0</name>
                    <url>http://www.apache.org/licenses/LICENSE-2.0</url>
                </license>
            </licenses>
        </dependency>
        <dependency>
            <groupId>org.springframework</groupId>
            <artifactId>spring-aop</artifactId>
            <version>5.1.14.RELEASE</version>
            <licenses>
                <license>
                    <name>Apache License 2.0</name>
                    <url>http://www.apache.org/licenses/LICENSE-2.0</url>
                </license>
            </licenses>
        </dependency>
        <dependency>
            <groupId>org.springframework</groupId>
            <artifactId>spring-aspects</artifactId>
            <version>5.1.14.RELEASE</version>
            <licenses>
                <license>
                    <name>Apache License 2.0</name>
                    <url>http://www.apache.org/licenses/LICENSE-2.0</url>
                </license>
            </licenses>
        </dependency>
        <dependency>
            <groupId>org.springframework</groupId>
            <artifactId>spring-beans</artifactId>
            <version>5.1.14.RELEASE</version>
            <licenses>
                <license>
                    <name>Apache License 2.0</name>
                    <url>http://www.apache.org/licenses/LICENSE-2.0</url>
                </license>
            </licenses>
        </dependency>
        <dependency>
            <groupId>org.springframework</groupId>
            <artifactId>spring-context</artifactId>
            <version>5.1.14.RELEASE</version>
            <licenses>
                <license>
                    <name>Apache License 2.0</name>
                    <url>http://www.apache.org/licenses/LICENSE-2.0</url>
                </license>
            </licenses>
        </dependency>
        <dependency>
            <groupId>org.springframework</groupId>
            <artifactId>spring-core</artifactId>
            <version>5.1.14.RELEASE</version>
            <licenses>
                <license>
                    <name>Apache License 2.0</name>
                    <url>http://www.apache.org/licenses/LICENSE-2.0</url>
                </license>
            </licenses>
        </dependency>
        <dependency>
            <groupId>org.springframework</groupId>
            <artifactId>spring-expression</artifactId>
            <version>5.1.14.RELEASE</version>
            <licenses>
                <license>
                    <name>Apache License 2.0</name>
                    <url>http://www.apache.org/licenses/LICENSE-2.0</url>
                </license>
            </licenses>
        </dependency>
        <dependency>
            <groupId>org.springframework</groupId>
            <artifactId>spring-jcl</artifactId>
            <version>5.1.14.RELEASE</version>
            <licenses>
                <license>
                    <name>Apache License 2.0</name>
                    <url>http://www.apache.org/licenses/LICENSE-2.0</url>
                </license>
            </licenses>
        </dependency>
        <dependency>
            <groupId>org.springframework</groupId>
            <artifactId>spring-jdbc</artifactId>
            <version>5.1.14.RELEASE</version>
            <licenses>
                <license>
                    <name>Apache License 2.0</name>
                    <url>http://www.apache.org/licenses/LICENSE-2.0</url>
                </license>
            </licenses>
        </dependency>
        <dependency>
            <groupId>org.springframework</groupId>
            <artifactId>spring-orm</artifactId>
            <version>5.1.14.RELEASE</version>
            <licenses>
                <license>
                    <name>Apache License 2.0</name>
                    <url>http://www.apache.org/licenses/LICENSE-2.0</url>
                </license>
            </licenses>
        </dependency>
        <dependency>
            <groupId>org.springframework</groupId>
            <artifactId>spring-test</artifactId>
            <version>5.1.14.RELEASE</version>
            <licenses>
                <license>
                    <name>Apache License 2.0</name>
                    <url>http://www.apache.org/licenses/LICENSE-2.0</url>
                </license>
            </licenses>
        </dependency>
        <dependency>
            <groupId>org.springframework</groupId>
            <artifactId>spring-tx</artifactId>
            <version>5.1.14.RELEASE</version>
            <licenses>
                <license>
                    <name>Apache License 2.0</name>
                    <url>http://www.apache.org/licenses/LICENSE-2.0</url>
                </license>
            </licenses>
        </dependency>
        <dependency>
            <groupId>org.springframework</groupId>
            <artifactId>spring-web</artifactId>
            <version>5.1.14.RELEASE</version>
            <licenses>
                <license>
                    <name>Apache License 2.0</name>
                    <url>http://www.apache.org/licenses/LICENSE-2.0</url>
                </license>
            </licenses>
        </dependency>
        <dependency>
            <groupId>org.springframework</groupId>
            <artifactId>spring-webmvc</artifactId>
            <version>5.1.14.RELEASE</version>
            <licenses>
                <license>
                    <name>Apache License 2.0</name>
                    <url>http://www.apache.org/licenses/LICENSE-2.0</url>
                </license>
            </licenses>
        </dependency>
        <dependency>
            <groupId>org.springframework.boot</groupId>
            <artifactId>spring-boot</artifactId>
            <version>2.1.13.RELEASE</version>
            <licenses>
                <license>
                    <name>Apache License 2.0</name>
                    <url>http://www.apache.org/licenses/LICENSE-2.0</url>
                </license>
            </licenses>
        </dependency>
        <dependency>
            <groupId>org.springframework.boot</groupId>
            <artifactId>spring-boot-actuator</artifactId>
            <version>2.1.13.RELEASE</version>
            <licenses>
                <license>
                    <name>Apache License 2.0</name>
                    <url>http://www.apache.org/licenses/LICENSE-2.0</url>
                </license>
            </licenses>
        </dependency>
        <dependency>
            <groupId>org.springframework.boot</groupId>
            <artifactId>spring-boot-actuator-autoconfigure</artifactId>
            <version>2.1.13.RELEASE</version>
            <licenses>
                <license>
                    <name>Apache License 2.0</name>
                    <url>http://www.apache.org/licenses/LICENSE-2.0</url>
                </license>
            </licenses>
        </dependency>
        <dependency>
            <groupId>org.springframework.boot</groupId>
            <artifactId>spring-boot-autoconfigure</artifactId>
            <version>2.1.13.RELEASE</version>
            <licenses>
                <license>
                    <name>Apache License 2.0</name>
                    <url>http://www.apache.org/licenses/LICENSE-2.0</url>
                </license>
            </licenses>
        </dependency>
        <dependency>
            <groupId>org.springframework.boot</groupId>
            <artifactId>spring-boot-devtools</artifactId>
            <version>2.1.13.RELEASE</version>
            <licenses>
                <license>
                    <name>Apache License 2.0</name>
                    <url>http://www.apache.org/licenses/LICENSE-2.0</url>
                </license>
            </licenses>
        </dependency>
        <dependency>
            <groupId>org.springframework.boot</groupId>
            <artifactId>spring-boot-starter</artifactId>
            <version>2.1.13.RELEASE</version>
            <licenses>
                <license>
                    <name>Apache License 2.0</name>
                    <url>http://www.apache.org/licenses/LICENSE-2.0</url>
                </license>
            </licenses>
        </dependency>
        <dependency>
            <groupId>org.springframework.boot</groupId>
            <artifactId>spring-boot-starter-actuator</artifactId>
            <version>2.1.13.RELEASE</version>
            <licenses>
                <license>
                    <name>Apache License 2.0</name>
                    <url>http://www.apache.org/licenses/LICENSE-2.0</url>
                </license>
            </licenses>
        </dependency>
        <dependency>
            <groupId>org.springframework.boot</groupId>
            <artifactId>spring-boot-starter-aop</artifactId>
            <version>2.1.13.RELEASE</version>
            <licenses>
                <license>
                    <name>Apache License 2.0</name>
                    <url>http://www.apache.org/licenses/LICENSE-2.0</url>
                </license>
            </licenses>
        </dependency>
        <dependency>
            <groupId>org.springframework.boot</groupId>
            <artifactId>spring-boot-starter-data-jpa</artifactId>
            <version>2.1.13.RELEASE</version>
            <licenses>
                <license>
                    <name>Apache License 2.0</name>
                    <url>http://www.apache.org/licenses/LICENSE-2.0</url>
                </license>
            </licenses>
        </dependency>
        <dependency>
            <groupId>org.springframework.boot</groupId>
            <artifactId>spring-boot-starter-jdbc</artifactId>
            <version>2.1.13.RELEASE</version>
            <licenses>
                <license>
                    <name>Apache License 2.0</name>
                    <url>http://www.apache.org/licenses/LICENSE-2.0</url>
                </license>
            </licenses>
        </dependency>
        <dependency>
            <groupId>org.springframework.boot</groupId>
            <artifactId>spring-boot-starter-json</artifactId>
            <version>2.1.13.RELEASE</version>
            <licenses>
                <license>
                    <name>Apache License 2.0</name>
                    <url>http://www.apache.org/licenses/LICENSE-2.0</url>
                </license>
            </licenses>
        </dependency>
        <dependency>
            <groupId>org.springframework.boot</groupId>
            <artifactId>spring-boot-starter-logging</artifactId>
            <version>2.1.13.RELEASE</version>
            <licenses>
                <license>
                    <name>Apache License 2.0</name>
                    <url>http://www.apache.org/licenses/LICENSE-2.0</url>
                </license>
            </licenses>
        </dependency>
        <dependency>
            <groupId>org.springframework.boot</groupId>
            <artifactId>spring-boot-starter-test</artifactId>
            <version>2.1.13.RELEASE</version>
            <licenses>
                <license>
                    <name>Apache License 2.0</name>
                    <url>http://www.apache.org/licenses/LICENSE-2.0</url>
                </license>
            </licenses>
        </dependency>
        <dependency>
            <groupId>org.springframework.boot</groupId>
            <artifactId>spring-boot-starter-tomcat</artifactId>
            <version>2.1.13.RELEASE</version>
            <licenses>
                <license>
                    <name>Apache License 2.0</name>
                    <url>http://www.apache.org/licenses/LICENSE-2.0</url>
                </license>
            </licenses>
        </dependency>
        <dependency>
            <groupId>org.springframework.boot</groupId>
            <artifactId>spring-boot-starter-web</artifactId>
            <version>2.1.13.RELEASE</version>
            <licenses>
                <license>
                    <name>Apache License 2.0</name>
                    <url>http://www.apache.org/licenses/LICENSE-2.0</url>
                </license>
            </licenses>
        </dependency>
        <dependency>
            <groupId>org.springframework.boot</groupId>
            <artifactId>spring-boot-test</artifactId>
            <version>2.1.13.RELEASE</version>
            <licenses>
                <license>
                    <name>Apache License 2.0</name>
                    <url>http://www.apache.org/licenses/LICENSE-2.0</url>
                </license>
            </licenses>
        </dependency>
        <dependency>
            <groupId>org.springframework.boot</groupId>
            <artifactId>spring-boot-test-autoconfigure</artifactId>
            <version>2.1.13.RELEASE</version>
            <licenses>
                <license>
                    <name>Apache License 2.0</name>
                    <url>http://www.apache.org/licenses/LICENSE-2.0</url>
                </license>
            </licenses>
        </dependency>
        <dependency>
            <groupId>org.springframework.data</groupId>
            <artifactId>spring-data-commons</artifactId>
            <version>2.1.16.RELEASE</version>
            <licenses>
                <license>
                    <name>Apache License 2.0</name>
                    <url>http://www.apache.org/licenses/LICENSE-2.0</url>
                </license>
            </licenses>
        </dependency>
        <dependency>
            <groupId>org.springframework.data</groupId>
            <artifactId>spring-data-jpa</artifactId>
            <version>2.1.16.RELEASE</version>
            <licenses>
                <license>
                    <name>Apache License 2.0</name>
                    <url>http://www.apache.org/licenses/LICENSE-2.0</url>
                </license>
            </licenses>
        </dependency>
        <dependency>
            <groupId>org.tukaani</groupId>
            <artifactId>xz</artifactId>
            <version>1.2</version>
            <licenses>
                <license>
                    <name>Public Domain</name>
                </license>
            </licenses>
        </dependency>
        <dependency>
            <groupId>org.xmlunit</groupId>
            <artifactId>xmlunit-core</artifactId>
            <version>2.6.3</version>
            <licenses>
                <license>
                    <name>Apache License 2.0</name>
                    <url>http://www.apache.org/licenses/LICENSE-2.0</url>
                </license>
            </licenses>
        </dependency>
        <dependency>
            <groupId>org.yaml</groupId>
            <artifactId>snakeyaml</artifactId>
            <version>1.23</version>
            <licenses>
                <license>
                    <name>Apache License 2.0</name>
                    <url>http://www.apache.org/licenses/LICENSE-2.0</url>
                </license>
            </licenses>
        </dependency>
    </dependencies>
</licenseSummary>
